{
    "attribute_sort": false,
    "attribute_sort_list": [],
    "color": "white",
    "complete_document": false,
    "conditional": false,
    "correct": false,
    "crlf": false,
    "language": "auto",
    "language_default": "text",
    "language_name": "JavaScript",
    "lexer": "auto",
    "minify_keep_comments": false,
    "minify_wrap": false,
    "new_line": false,
    "no_lead_zero": false,
    "preserve_text": false,
    "quote_convert": "none",
    "tag_merge": false,
    "tag_sort": false,
    "top_comments": false,
    "unformatted": false,
    "variable_list": "none",
    "wrap": 0
}
