{
    "printWidth": 80,
    "tabWidth": 2,
    "useTabs": false,
    "semi": true,
    "singleQuote": false,
    "bracketSpacing": true,
    "jsxSingleQuote": false,
    "quoteProps": "as-needed",
    "arrowParens": "always",
    "trailingComma": "es5",
    "proseWrap": "preserve",
    "htmlWhitespaceSensitivity": "css",
    "insertPragma": false,
    "requirePragma": false,
    "vueIndentScriptAndStyle": false,
    "embeddedLanguageFormatting": "auto",
    "bracketSameLine": false,
    "singleAttributePerLine": false
}
