{
	"install": "messages/install.txt",
	"2.1.0": "messages/2.1.0.txt",
	"2.0.0": "messages/2.0.0.txt",
	"1.16.5": "messages/1.16.5.txt",
	"1.16.0": "messages/1.16.0.txt",
	"1.15.0": "messages/1.15.0.txt",
	"1.14.0": "messages/1.14.0.txt",
	"1.13.2": "messages/1.13.2.txt",
	"1.13.0": "messages/1.13.0.txt",
	"1.12.0": "messages/1.12.0.txt",
	"1.11.1": "messages/1.11.1.txt",
	"1.11.0": "messages/1.11.0.txt",
	"1.10.0": "messages/1.10.0.txt",
	"1.9.0": "messages/1.9.0.txt",
	"1.8.0": "messages/1.8.0.txt",
	"1.7.0": "messages/1.7.0.txt",
	"1.6.0": "messages/1.6.0.txt",
	"1.5.0": "messages/1.5.0.txt",
	"1.4.0": "messages/1.4.0.txt",
	"1.3.0": "messages/1.3.0.txt"
}
