{
    "1.0": "messages/1.0.txt",
    "1.1": "messages/1.1.txt",
    "1.2": "messages/1.2.txt",
    "1.3": "messages/1.3.txt",
    "1.4": "messages/1.4.txt",
    "1.5": "messages/1.5.txt",
    "1.6": "messages/1.6.txt",
    "1.7": "messages/1.7.txt",
    "1.8": "messages/1.8.txt",
    "2.0": "messages/2.0.txt",
    "2.2": "messages/2.2.txt",
    "2.5": "messages/2.5.txt",
    "3.0": "messages/3.0.txt",
    "3.1": "messages/3.1.txt",
    "3.2": "messages/3.2.txt",
    "3.3": "messages/3.3.txt",
    "3.6": "messages/3.6.txt",
    "4.0": "messages/4.0.txt",
    "4.4": "messages/4.4.txt"
}
